"scandal_id","title","artist","group","date","scandal_type","fandom_size","fandom_size_num","agency_tier","company_response","response_delay_days","apology","international","is_solo","prior_scandal","reaction_spike","label","label_binary","label_confidence","label_reasoning","notes"
1,"Heechul (Super Junior) car accident and subsequent media criticism","Heechul","Super Junior","2006-08-01","controversy","large",3,3,2,1,1,0,0,0,0.0,"low","not_high",4,"Heechul's criminal scandal -- Serious car accident requiring surgery and long recovery; public sympathy outweighed criticism, career unaffected long-term. With minimal lasting career impact.","Serious car accident requiring surgery and long recovery; public sympathy outweighed criticism, career unaffected long-term"
2,"TVXQ split: Junsu, Yoochun, Jaejoong sue SM Entertainment over slave contract","JYJ","TVXQ","2009-09-01","contract","mega",4,3,0,0,0,1,0,0,-0.769,"high","high",5,"Three TVXQ members sued SM Entertainment over exploitative 13-year contract; group permanently split into TVXQ and JYJ, ending one of K-pop's biggest acts. Resulting in severe, lasting career damage.","Three of five TVXQ members filed lawsuit against SM citing exploitative 13-year exclusive contract; group effectively split permanently"
3,"Jay Park forced to leave 2PM after anti-Korea MySpace comments surfaced","Jay Park","2PM","2009-09-08","controversy","large",3,3,0,2,1,1,0,0,0.226,"high","high",5,"Forced departure from 2PM and JYP Entertainment; although Jay Park later rebuilt solo career, original group career was permanently ended.","Pre-debut MySpace comments criticizing Korea surfaced; massive public backlash forced departure from 2PM and JYP Entertainment"
4,"Kangin (Super Junior) first drunk driving hit-and-run incident","Kangin","Super Junior","2009-11-07","criminal","large",3,3,1,2,1,0,0,0,-0.742,"medium","not_high",5,"Kangin's criminal scandal -- Hit-and-run while drunk driving, turned himself in next day; hiatus from Super Junior activities, but recovered and returned to group. Causing temporary career disruption but eventual recovery.","Hit-and-run while drunk driving, turned himself in next day; hiatus from Super Junior activities, but recovered and returned to group"
5,"Daesung (BIGBANG) car accident scandal","Daesung","BIGBANG","2011-05-31","criminal","large",3,3,2,1,1,1,0,1,5.591865357643759,"high","high",5,"Fatal car accident with criminal severity, immediate company response, prolonged hiatus, and substantial negative reaction spike (-9.893) indicate significant career disruption exceeding one year.","Fatal car accident, Daesung on hiatus"
6,"G-Dragon (BIGBANG) marijuana controversy investigation","G-Dragon","BIGBANG","2011-10-04","drugs","large",3,3,2,2,1,1,0,1,0.279442963607681,"medium","not_high",4,"High-profile artist with strong fandom protection and eventual acquittal mitigated career damage, but international severity and agency tier 3 status meant sustained backlash beyond weeks; recovery trajectory aligns with 6-12 month recovery pattern.","Marijuana use abroad, eventually acquitted"
7,"Nichkhun (2PM) arrested for drunk driving, loses CF deals","Nichkhun","2PM","2012-07-18","criminal","large",3,3,2,1,1,0,0,0,0.473,"medium","not_high",5,"Nichkhun's criminal scandal -- Arrested for drunk driving, received suspended sentence; lost multiple endorsement deals but recovered within a year. Causing temporary career disruption but eventual recovery.","Arrested for drunk driving, received suspended sentence; lost multiple endorsement deals but recovered within a year"
8,"T-ara bullying controversy among group members","T-ara","T-ara","2012-07-30","bullying","large",3,2,0,0,0,1,0,1,2.664874551971326,"high","high",5,"Severe bullying allegations with zero agency response, large fandom involvement, and international attention resulted in member departure and group disbandment, with career-long reputational damage lasting years.","Alleged bullying of member Hwayoung, agency mishandled"
9,"IU and Eunhyuk (Super Junior) photo scandal","IU","Solo","2012-11-25","dating","large",3,1,1,1,0,1,1,1,-0.7692307692307692,"low","not_high",4,"IU's large fandom and strong agency response within 1 day, combined with low severity dating scandal and quick resolution pattern, indicate short-term backlash with recovery within weeks rather than long-term career damage.","Accidental upload of intimate photo on Twitter"
10,"Rain confirms relationship with Kim Tae-hee","Rain","Solo","2013-01-01","dating","large",3,2,2,0,0,1,1,0,2.303,"low","not_high",5,"Public celebrated the relationship between two top stars; career completely unaffected, later marriage was positively received.","Long-rumored relationship confirmed; public reaction was overwhelmingly positive as both were A-list, eventually married in 2017"
11,"Zico (Block B) Thailand controversy and racist remarks","Zico","Block B","2013-02-07","controversy","medium",2,2,1,5,1,0,0,1,0.3753178958640075,"low","not_high",4,"Moderate severity with delayed company response was mitigated by medium fandom size, lower agency tier impact, and lack of international escalation, allowing recovery within weeks typical of insensitive remarks controversies.","Insensitive remarks during Thailand flood relief interview"
12,"Sooyoung (SNSD) dating actor Jung Kyung-ho confirmed publicly","Sooyoung","SNSD","2013-09-23","dating","mega",4,3,1,1,0,0,0,0,-0.038,"low","not_high",5,"Sooyoung's dating scandal -- Long-term relationship confirmed; positive public reaction, SNSD fandom remained supportive, no career impact, couple still together. With minimal lasting career impact.","Long-term relationship confirmed; positive public reaction, SNSD fandom remained supportive, no career impact, couple still together"
13,"Ailee intimate photos leaked without consent before US debut","Ailee","Solo","2013-11-04","behavior","medium",2,1,2,1,0,0,1,0,3.908,"medium","not_high",5,"Ailee's behavior scandal -- Ex-manager leaked pre-debut intimate photos; Ailee was the victim, agency issued immediate statement, career recovered within months. Causing temporary career disruption but eventual recovery.","Ex-manager leaked pre-debut intimate photos; Ailee was the victim, agency issued immediate statement, career recovered within months"
14,"Taeyeon (SNSD) secret relationship with Baekhyun revealed","Taeyeon","SNSD","2014-06-19","dating","mega",4,3,2,1,0,1,0,0,1.374,"low","not_high",4,"Taeyeon's dating scandal -- Dispatch revealed relationship with Baekhyun simultaneously; SM confirmed, initial fan backlash subsided quickly with strong SNSD fandom protection. With minimal lasting career impact.","Dispatch revealed relationship with Baekhyun simultaneously; SM confirmed, initial fan backlash subsided quickly with strong SNSD fandom protection"
15,"Baekhyun (EXO) secret relationship with Taeyeon exposed by Dispatch","Baekhyun","EXO","2014-06-19","dating","mega",4,3,2,1,1,1,0,0,1.149,"medium","not_high",4,"Baekhyun's dating scandal -- Dispatch exposed secret relationship with fellow SM artist Taeyeon; Baekhyun personally apologized to fans, sustained backlash but remained in EXO. Causing temporary career disruption but eventual recovery.","Dispatch exposed secret relationship with fellow SM artist Taeyeon; Baekhyun personally apologized to fans, sustained backlash but remained in EXO"
16,"Kim Hyunjoong charged with assault and injury after girlfriend allegations","Kim Hyunjoong","SS501","2014-08-22","criminal","medium",2,2,1,5,1,1,0,0,2.508,"high","high",5,"Kim Hyunjoong's criminal scandal -- Girlfriend filed assault charges, later pregnancy claims; multiple legal battles over years causing sustained career damage. Resulting in severe, lasting career damage.","Girlfriend filed assault charges, later pregnancy claims; multiple legal battles over years causing sustained career damage"
17,"Park Bom (2NE1) drug controversy and investigation","Park Bom","2NE1","2014-09-01","drugs","large",3,3,1,9,1,1,0,1,-0.8660714285714286,"high","high",5,"Amphetamine smuggling allegation with agency cover-up, delayed response, and international attention directly caused Park Bom's departure from 2NE1 and long-term career damage lasting years.","Amphetamine smuggling allegation, covered up by YG"
18,"Jessica Jung leaves Girls Generation amid contract dispute","Jessica","SNSD","2014-09-30","contract","mega",4,3,1,3,0,1,0,0,6.612903225806452,"high","high",5,"Jessica was forced out of SNSD due to contract/business conflict with SM Entertainment, resulting in permanent departure from the group and career-altering consequences lasting beyond one year.","Forced out of group, business conflict with SM"
19,"B.A.P files lawsuit against TS Entertainment over slave contract","B.A.P","B.A.P","2014-11-27","contract","medium",2,1,0,14,0,1,0,0,6.234,"high","high",4,"Lawsuit caused extended group hiatus and loss of peak-career momentum; group returned but never recaptured previous commercial success.","All six members filed lawsuit alleging unfair contract terms and withheld earnings; group went on long hiatus, never fully recovered momentum"
20,"Sungmin (Super Junior) backlash over surprise marriage announcement","Sungmin","Super Junior","2014-12-13","dating","mega",4,3,1,1,1,0,0,0,3.816,"high","high",4,"Fan boycott campaign successfully excluded Sungmin from group promotions and albums for multiple years despite remaining technically a member.","Surprise marriage announcement upset fans who felt betrayed; sustained fan boycott led to Sungmin being excluded from Super Junior promotions for years"
21,"Suho (EXO) dating rumors with actress persistently denied by SM","Suho","EXO","2015-03-15","dating","mega",4,3,2,1,0,0,0,0,0.512,"low","not_high",4,"Suho's dating scandal -- Persistent dating rumors with actress denied by SM; no confirmation, minor fan concern, no career disruption. With minimal lasting career impact.","Persistent dating rumors with actress denied by SM; no confirmation, minor fan concern, no career disruption"
22,"Taeyang (BIGBANG) dating actress Min Hyo-rin confirmed","Taeyang","BIGBANG","2015-08-28","dating","large",3,3,1,1,0,0,0,0,-0.141,"low","not_high",5,"Taeyang's dating scandal -- Long-term relationship confirmed then marriage in 2018; minimal fan reaction, strong fandom acceptance, no career impact. With minimal lasting career impact.","Long-term relationship confirmed then marriage in 2018; minimal fan reaction, strong fandom acceptance, no career impact"
23,"IU faces lolita concept controversy over Zeze album artwork and lyrics","IU","Solo","2015-10-23","controversy","large",3,1,1,5,0,1,1,1,0.051,"medium","not_high",4,"IU's controversy scandal -- CHAT-SHIRE album accused of sexualizing minors through Zeze concept and Lolita references; IU denied intent, sustained backlash but career continued. Causing temporary career disruption but eventual recovery.","CHAT-SHIRE album accused of sexualizing minors through Zeze concept and Lolita references; IU denied intent, sustained backlash but career continued"
24,"Tzuyu (TWICE) forced to apologize for holding Taiwan flag","Tzuyu","TWICE","2016-01-15","political","mega",4,3,2,3,1,1,0,0,0.283,"medium","not_high",5,"Major international political incident but TWICE's career was not derailed; domestic sympathy actually boosted Korean popularity.","Held Taiwanese flag on Korean TV; Chinese backlash forced JYP to release video of 16-year-old Tzuyu apologizing; became political incident between China and Taiwan"
25,"Kangin (Super Junior) second drunk driving arrest causes group crisis","Kangin","Super Junior","2016-05-23","criminal","large",3,3,1,2,1,0,0,1,2.765,"high","high",5,"Kangin's criminal scandal -- Second drunk driving incident after 2009 hit-and-run; officially left Super Junior in 2019, long-term career damage. Resulting in severe, lasting career damage.","Second drunk driving incident after 2009 hit-and-run; officially left Super Junior in 2019, long-term career damage"
26,"Park Yoochun (JYJ) accused of sexual assault by multiple women","Park Yoochun","JYJ","2016-06-22","criminal","large",3,2,0,7,0,1,0,0,0.217,"high","high",5,"Park Yoochun's criminal scandal -- Four women filed sexual assault charges; career effectively ended, military discharge, left entertainment. Resulting in severe, lasting career damage.","Four women filed sexual assault charges; career effectively ended, military discharge, left entertainment"
27,"Kai (EXO) and Krystal (f(x)) dating scandal confirmed","Kai","EXO","2016-09-27","dating","mega",4,3,1,1,0,1,0,0,-0.0581758013266368,"low","not_high",5,"Dating scandal with minimal severity, mega fandom protection, immediate agency response, low reaction spike, and documented quick recovery within weeks.","SM confirmed relationship, low long-term impact"
28,"Nam Taehyun departs WINNER citing mental health amid controversy","Nam Taehyun","WINNER","2016-11-25","behavior","large",3,3,1,5,0,0,0,0,0.313,"medium","not_high",4,"Departed from major group and Big3 agency; pursued indie music career but never regained equivalent commercial platform.","Left WINNER citing mental health issues amid dating rumors and erratic social media behavior; YG released him from contract"
29,"NCT Taeyong apologizes for school bullying and fraud allegations","Taeyong","NCT","2017-01-10","bullying","mega",4,3,2,1,1,1,0,0,0.107,"medium","not_high",4,"Taeyong's bullying scandal -- Allegations of school bullying and online resale fraud surfaced before NCT debut; SM addressed allegations, Taeyong apologized, remained in group with partial recovery. Causing temporary career disruption but eventual recovery.","Allegations of school bullying and online resale fraud surfaced before NCT debut; SM addressed allegations, Taeyong apologized, remained in group with partial recovery"
30,"T.O.P (BIGBANG) investigated for marijuana use","T.O.P","BIGBANG","2017-06-01","drugs","large",3,3,1,5,1,1,0,1,-0.7692307692307692,"high","high",5,"Marijuana use during mandatory military service resulted in criminal charges, military discharge, and significant career harm including group hiatus and extended absence from public activities.","Marijuana use during mandatory military service"
31,"Lay (EXO) posts pro-China content on social media, faces Korean fan backlash","Lay","EXO","2017-11-01","political","mega",4,3,0,0,0,1,0,0,-0.407,"low","not_high",4,"Lay's political scandal -- Repeatedly posted content supporting Chinese political positions; Korean fanbase shrank but Chinese fanbase remained strong, career continued successfully. With minimal lasting career impact.","Repeatedly posted content supporting Chinese political positions; Korean fanbase shrank but Chinese fanbase remained strong, career continued successfully"
32,"Joy (Red Velvet) faces backlash for displaying feminist book","Joy","Red Velvet","2018-03-08","controversy","mega",4,3,0,0,0,0,0,0,1.876,"low","not_high",5,"Brief online backlash from subset of male fans but broader public support; zero impact on Red Velvet promotions or Joy's career.","Photographed with feminist novel Kim Ji-young Born 1982; faced anti-feminist backlash from some male fans but received wider public support"
33,"Himchan (B.A.P) charged with sexual assault","Himchan","B.A.P","2018-08-01","criminal","medium",2,1,0,5,0,1,0,0,5.263,"high","high",5,"Criminal conviction for sexual assault ended career permanently; compounded existing group instability from contract disputes.","Charged with sexual assault, later convicted; B.A.P already in contract dispute, Himchan's career effectively ended"
34,"Goo Hara files assault and revenge porn charges against ex-boyfriend","Goo Hara","KARA","2018-09-13","criminal","medium",2,2,2,2,0,1,0,0,12.278,"high","high",5,"Goo Hara's criminal scandal -- Ex-boyfriend threatened to release intimate footage; mutual assault charges filed, lengthy court battle, severe mental health toll. Resulting in severe, lasting career damage.","Ex-boyfriend threatened to release intimate footage; mutual assault charges filed, lengthy court battle, severe mental health toll"
35,"Hyuna and E'Dawn dating confirmed, both leave Cube Entertainment","Hyuna","4MINUTE","2018-09-13","dating","medium",2,2,0,0,0,1,0,1,0.4914611005692599,"high","high",4,"Both Hyuna and her partner were terminated from their group/agency despite medium fandom support, representing significant career disruption exceeding typical dating scandal recovery timelines.","Cube tried to deny relationship, both eventually terminated"
36,"BTS Jimin atomic bomb t-shirt causes Japan broadcast ban","Jimin","BTS","2018-11-09","political","mega",4,3,1,3,0,1,0,0,-0.173,"low","not_high",4,"Jimin's political scandal -- Wore t-shirt with atomic bomb imagery; Japanese TV appearance cancelled, Big Hit issued brief statement, ARMY largely defended Jimin, minimal long-term impact. With minimal lasting career impact.","Wore t-shirt with atomic bomb imagery; Japanese TV appearance cancelled, Big Hit issued brief statement, ARMY largely defended Jimin, minimal long-term impact"
37,"Jennie (BLACKPINK) lazy performance controversy","Jennie","BLACKPINK","2019-01-15","behavior","mega",4,3,2,2,0,1,0,0,-0.3723849372384937,"low","not_high",4,"Low-energy performance accusations are minor behavioral issues with immediate agency response, mega fandom protection, and historical precedent for quick recovery in BLACKPINK's case.","Fans accused of low energy during stage performances"
38,"MAMAMOO face backlash for blackface Bruno Mars parody performance","MAMAMOO","MAMAMOO","2019-02-05","controversy","medium",2,2,2,1,1,1,0,1,0.008,"medium","not_high",5,"MAMAMOO's controversy scandal -- Performed in blackface makeup as Bruno Mars tribute; issued swift apology but faced international criticism; recovered domestically faster than internationally. Causing temporary career disruption but eventual recovery.","Performed in blackface makeup as Bruno Mars tribute; issued swift apology but faced international criticism; recovered domestically faster than internationally"
39,"Yong Junhyung (Highlight) leaves group over Burning Sun chat room involvement","Yong Junhyung","Highlight","2019-03-12","criminal","medium",2,2,1,7,1,1,0,0,3.779,"high","high",5,"Yong Junhyung's criminal scandal -- Admitted receiving videos in Burning Sun-linked group chat; left Highlight voluntarily, career significantly disrupted. Resulting in severe, lasting career damage.","Admitted receiving videos in Burning Sun-linked group chat; left Highlight voluntarily, career significantly disrupted"
40,"Jung Joonyoung arrested for secretly filming and sharing sexual videos","Jung Joonyoung","Solo","2019-03-14","criminal","medium",2,1,0,0,1,1,1,0,-0.181,"high","high",5,"Jung Joonyoung's criminal scandal -- Arrested same day as Burning Sun arrests; sentenced to 6 years prison for filming and sharing non-consensual sexual videos in group chat. Resulting in severe, lasting career damage.","Arrested same day as Burning Sun arrests; sentenced to 6 years prison for filming and sharing non-consensual sexual videos in group chat"
41,"Seungri (BIGBANG) arrested in connection with Burning Sun club scandal","Seungri","BIGBANG","2019-03-14","criminal","large",3,3,1,14,1,1,0,1,0.4561350618028339,"high","high",5,"Seungri faced criminal charges, imprisoned sentence, permanent group departure, and complete career termination due to sex trafficking allegations in the Burning Sun scandal—the most severe outcome category.","Burning Sun nightclub scandal, sex trafficking allegations"
42,"Choi Jonghoon (FT Island) convicted in Burning Sun chatroom scandal","Choi Jonghoon","FT Island","2019-03-14","criminal","medium",2,2,0,7,0,1,0,0,0.89,"high","high",5,"Criminal conviction and prison sentence for Burning Sun involvement; permanent career termination and group departure.","Convicted for involvement in Burning Sun group chat, bribery of police to cover up drunk driving, sentenced to 5 years"
43,"PSY questioned over association with YG Entertainment during Burning Sun era","PSY","Solo","2019-04-01","controversy","mega",4,3,1,3,0,1,1,0,0.434,"low","not_high",4,"Questioned as witness only with no charges filed; departure from YG was already planned; career continued unaffected through P-Nation.","Questioned by police as witness in Burning Sun investigation due to YG connection; not charged, left YG to start own label P-Nation"
44,"Yeri (Red Velvet) faces attitude controversy after variety show appearances","Yeri","Red Velvet","2019-04-01","behavior","mega",4,3,0,0,0,0,0,0,-1.753,"low","not_high",5,"Minor attitude perception issue that faded quickly without any agency response; no impact on Red Velvet activities or Yeri's career.","Criticized for perceived rude behavior during variety show appearances; SM did not respond, controversy faded within weeks"
45,"Hwasa (MAMAMOO) criticized for eating raw octopus on TV near Buddhist holiday","Hwasa","MAMAMOO","2019-05-15","controversy","large",3,2,0,0,0,0,0,0,-2.207,"low","not_high",5,"Brief niche criticism that actually boosted variety show popularity; zero negative career impact.","Ate raw octopus on I Live Alone near Buddhist holiday; minor religious criticism but most viewers found it entertaining"
46,"B.I (iKON) exits group after drug purchase allegations surface","B.I","iKON","2019-06-12","drugs","large",3,3,0,0,1,1,0,0,3.616,"high","high",5,"B.I's drugs scandal -- Drug purchase chat logs leaked; B.I voluntarily left iKON and YG before charges filed, major career disruption. Resulting in severe, lasting career damage.","Drug purchase chat logs leaked; B.I voluntarily left iKON and YG before charges filed, major career disruption"
47,"Lee Jonghyun (CNBLUE) admitted to sharing illegal hidden camera footage","Lee Jonghyun","CNBLUE","2019-06-12","criminal","medium",2,2,1,3,1,1,0,0,3.73,"high","high",5,"Admitted involvement in illegal chatroom content sharing; permanent group departure and complete withdrawal from entertainment.","Admitted to viewing and sharing illegally filmed footage in chatroom linked to Burning Sun scandal; left CNBLUE and entertainment industry"
48,"Amber (f(x)) publicly criticizes SM Entertainment treatment of artists","Amber","f(x)","2019-08-01","contract","medium",2,3,0,0,0,1,0,0,-0.143,"medium","not_high",4,"Amber's contract scandal -- Publicly expressed frustration about lack of support from SM for solo activities; eventually left SM after contract expiry, international fanbase fragmented. Causing temporary career disruption but eventual recovery.","Publicly expressed frustration about lack of support from SM for solo activities; eventually left SM after contract expiry, international fanbase fragmented"
49,"Jihyo (TWICE) confirmed dating Kang Daniel by Dispatch","Jihyo","TWICE","2019-08-05","dating","mega",4,3,2,0,0,1,0,0,-4.24,"low","not_high",5,"Dating news quickly confirmed and accepted; TWICE's strong group identity and JYP's swift response prevented any career disruption.","Dispatch revealed relationship with Kang Daniel; JYP confirmed, fan reaction was mixed but brief, no impact on TWICE promotions"
50,"Shownu (MONSTA X) linked to relationship with married woman","Shownu","MONSTA X","2019-10-28","dating","large",3,2,1,1,0,0,0,0,-3.613,"medium","not_high",4,"Temporary controversy and lost some endorsements but remained group leader; public accepted his claim of not knowing marital status.","Tabloid reported relationship with woman whose husband filed adultery complaint; Shownu claimed he did not know she was married, agency denied wrongdoing"
51,"Kim Woojin leaves Stray Kids under unclear circumstances with allegations","Kim Woojin","Stray Kids","2019-10-28","behavior","large",3,3,0,1,0,1,0,0,-0.652,"medium","not_high",4,"Left major group and agency; attempted solo career with independent label but never achieved comparable success.","Sudden departure from Stray Kids with JYP citing personal reasons; later faced anonymous sexual misconduct allegations he denied and sued over"
52,"Stray Kids Han investigated for alleged marijuana use before group debut","Han","Stray Kids","2019-10-28","drugs","large",3,3,2,1,1,1,0,0,0.613,"medium","not_high",4,"Han's drugs scandal -- Investigated for alleged pre-debut marijuana use; JYP issued statement, Han apologized and went on temporary hiatus, returned after investigation cleared him. Causing temporary career disruption but eventual recovery.","Investigated for alleged pre-debut marijuana use; JYP issued statement, Han apologized and went on temporary hiatus, returned after investigation cleared him"
53,"Wonho (MONSTA X) leaves group amid bullying and drug allegations","Wonho","MONSTA X","2019-10-31","bullying","medium",2,2,0,21,1,1,0,0,-0.7692307692307692,"high","high",5,"Wonho left MONSTA X voluntarily following bullying allegations compounded by prior theft and drug allegations, resulting in sustained career disruption exceeding 1+ years despite medium fandom support and delayed agency response.","Past theft + drug allegations, left group voluntarily"
54,"CL struggles with career after leaving YG Entertainment","CL","2NE1","2019-11-30","contract","large",3,3,0,0,0,1,0,0,-0.68,"medium","not_high",4,"Years of career stagnation under YG followed by difficult independent rebuild; eventually returned but never regained 2NE1-era commercial heights.","Left YG after years of shelved music and stalled US expansion; career significantly impacted by YG mismanagement, eventually rebuilt as independent artist"
55,"Lee Hi leaves YG Entertainment after years of inactivity","Lee Hi","Solo","2019-12-31","contract","medium",2,3,0,0,0,0,1,0,3.028,"low","not_high",4,"Departure was mutual and expected after years of agency neglect; career actually improved after moving to AOMG with more frequent releases.","Left YG after contract expiry following years of shelved comebacks; signed with AOMG and career improved significantly"
56,"Momo (TWICE) and Heechul (Super Junior) confirmed dating","Momo","TWICE","2020-01-02","dating","mega",4,3,2,0,0,1,0,0,-1.444,"low","not_high",5,"Age gap drew brief online discussion but both agencies confirmed smoothly; no impact on either artist's career trajectory.","Dispatch New Year couple reveal; both agencies confirmed, age gap drew some criticism but no lasting controversy"
57,"Chen (EXO) surprise marriage and baby announcement controversy","Chen","EXO","2020-01-13","dating","mega",4,3,1,5,0,1,0,0,5.516129032258065,"low","not_high",4,"Chen's marriage announcement faced initial backlash but EXO's mega fandom provided strong protection, agency responded within 5 days, and he remained in the group without major career harm, resolving within months.","Surprise marriage + baby announcement, fans demanded removal"
58,"Ryujin (ITZY) sparks debate after recommending feminist literature","Ryujin","ITZY","2020-03-01","controversy","large",3,3,0,0,0,0,0,0,-5.741,"low","not_high",5,"Generated online debate but public support outweighed criticism; zero impact on ITZY promotions or Ryujin's career.","Recommended feminist book on broadcast; sparked gender debate among fans but received widespread public support"
59,"Kim Jaejoong posts fake COVID-19 positive announcement as April Fool prank","Kim Jaejoong","JYJ","2020-04-01","controversy","large",3,2,1,1,1,1,0,1,2.313,"medium","not_high",5,"Kim Jaejoong's controversy scandal -- Posted fake COVID diagnosis as April Fool joke during pandemic; faced massive backlash, reported to police, lost endorsements but recovered. Causing temporary career disruption but eventual recovery.","Posted fake COVID diagnosis as April Fool joke during pandemic; faced massive backlash, reported to police, lost endorsements but recovered"
60,"Solar (MAMAMOO) criticized for darkening skin in YouTube video","Solar","MAMAMOO","2020-06-01","controversy","large",3,2,1,2,1,1,0,1,4.622,"low","not_high",4,"Second instance for MAMAMOO but handled quickly with apology and content edit; domestic career unaffected, minor international reputation impact.","Used dark skin makeup in YouTube video; international fans criticized as blackface, Solar apologized, video was edited"
61,"Jimin (AOA) bullying allegations from ex-member Mina","Jimin AOA","AOA","2020-07-03","bullying","medium",2,2,1,3,1,1,0,1,13.096774193548388,"high","high",5,"Jimin left AOA following 10 years of bullying allegations from ex-member Mina, resulting in permanent career impact and group departure despite delayed agency response.","10 years of bullying alleged by ex-member Mina, Jimin left group"
62,"Suga (BTS) Hitler sample controversy in mixtape","Suga","BTS","2020-08-06","controversy","mega",4,3,2,1,1,1,0,0,0.0782999904278738,"low","not_high",5,"Swift immediate apology, minimal reaction spike (-0.079), mega fandom protection, and historical recovery pattern from similar sample controversies indicate quick resolution without lasting career damage.","Jim Jones speech sample in mixtape, swift apology"
63,"Bang Chan (Stray Kids) criticized for playing song by problematic artist on vlive","Bang Chan","Stray Kids","2020-09-01","controversy","large",3,3,0,0,1,1,0,0,-1.754,"low","not_high",5,"Minor livestream incident resolved within days through personal apology; no career impact whatsoever.","Played snippet of song by artist with sexual misconduct allegations on personal livestream; apologized quickly, controversy resolved within days"
64,"Chanyeol (EXO) infidelity and relationship allegations","Chanyeol","EXO","2020-10-09","behavior","mega",4,3,0,30,0,1,0,1,3.225806451612903,"medium","not_high",4,"Cheating allegations with delayed company response and international attention typically generate 6-12 month recovery period for mega-fandom idols, though severity and mega-fandom protection prevent career-ending consequences.","Ex-girlfriend posted cheating allegations publicly"
65,"Irene (Red Velvet) apologizes for rude behavior towards stylist","Irene","Red Velvet","2020-10-21","behavior","large",3,3,1,7,1,1,0,0,3.225806451612903,"medium","not_high",4,"Delayed agency response to verified verbal abuse allegations against a major group member created sustained backlash, but strong fandom support and lack of criminal/employment consequences suggest recovery within typical 6-12 month window.","Verbal abuse towards fashion editor/stylist"
66,"Chungha tests positive for COVID-19 amid promotional activities","Chungha","Solo","2020-12-07","controversy","medium",2,2,2,0,0,0,1,0,1.58,"low","not_high",5,"Public largely sympathetic; comeback was delayed but career resumed normally once recovered.","Tested positive during comeback promotions; some criticism for continuing schedules, but largely received public sympathy"
67,"BTOB Ilhoon quits group after police investigation for marijuana use","Ilhoon","BTOB","2020-12-17","drugs","medium",2,2,1,3,1,0,0,0,10.685,"high","high",5,"Ilhoon's drugs scandal -- Investigated and fined for marijuana use; left BTOB immediately, received suspended sentence, long hiatus from industry. Resulting in severe, lasting career damage.","Investigated and fined for marijuana use; left BTOB immediately, received suspended sentence, long hiatus from industry"
68,"Nancy (MOMOLAND) illegally photographed backstage, images leaked","Nancy","MOMOLAND","2021-02-01","behavior","medium",2,1,2,2,0,1,0,0,1.041,"medium","not_high",4,"Nancy was the victim; public sympathy was strong but incident contributed to group's declining activities and MOMOLAND's broader struggles.","Staff at awards show secretly photographed Nancy changing backstage (she was victim); images spread online, agency pursued legal action"
69,"Hyunjin (Stray Kids) school bullying allegations and hiatus","Hyunjin","Stray Kids","2021-02-22","bullying","large",3,3,2,2,1,1,0,0,1.072,"medium","not_high",5,"Three-month hiatus with missed promotions, but strong agency response and personal apology enabled full group return.","Former classmates alleged school bullying; JYP investigated, Hyunjin personally apologized, went on 3-month hiatus then returned to group"
70,"Mingyu (SEVENTEEN) faces school bullying allegations, apologizes","Mingyu","SEVENTEEN","2021-02-24","bullying","large",3,3,2,2,1,1,0,0,0.857,"medium","not_high",4,"Mingyu's bullying scandal -- Former classmate alleged bullying behavior; Mingyu issued personal apology, Pledis clarified some allegations were false, career recovered within months. Causing temporary career disruption but eventual recovery.","Former classmate alleged bullying behavior; Mingyu issued personal apology, Pledis clarified some allegations were false, career recovered within months"
71,"Wooseok (Pentagon) departs following school bullying allegations","Wooseok","Pentagon","2021-02-26","bullying","medium",2,2,1,3,1,0,0,0,-0.257,"high","high",4,"Wooseok's bullying scandal -- Multiple former classmates alleged school bullying; Wooseok left Pentagon and enlisted in military amid ongoing controversy. Resulting in severe, lasting career damage.","Multiple former classmates alleged school bullying; Wooseok left Pentagon and enlisted in military amid ongoing controversy"
72,"April bullying allegations lead to group disbandment","April","April","2021-03-02","bullying","medium",2,1,0,30,0,0,0,0,0.735,"high","high",5,"April's bullying scandal -- Former member Hyunjoo publicly alleged severe bullying by group members; DSP Media failed to act, group effectively disbanded. Resulting in severe, lasting career damage.","Former member Hyunjoo publicly alleged severe bullying by group members; DSP Media failed to act, group effectively disbanded"
73,"NCT Johnny private Zoom call with female fans becomes public controversy","Johnny","NCT","2021-04-07","dating","mega",4,3,2,1,0,1,0,0,-0.009,"low","not_high",4,"Johnny's dating scandal -- Private live call with female fans leaked; no romantic relationship involved, SM clarified, controversy resolved within weeks with no career impact. With minimal lasting career impact.","Private live call with female fans leaked; no romantic relationship involved, SM clarified, controversy resolved within weeks with no career impact"
74,"GFRIEND surprise disbandment by Source Music / HYBE","GFRIEND","GFRIEND","2021-05-22","contract","large",3,3,0,0,0,1,0,0,2.446,"medium","not_high",4,"Group disbanded but members continued individual careers at other agencies; not career-ending but group entity permanently lost.","Source Music (HYBE subsidiary) announced members would not renew contracts; fans blamed agency for sudden disbandment of successful group"
75,"Kris Wu (EXO) accused of sexual assault, arrested in China","Kris Wu","EXO","2021-07-31","criminal","mega",4,3,2,3,0,1,0,0,-0.2263650328166457,"high","high",5,"Criminal arrest for sexual assault allegations with severity 5/5, mega fandom scale, and immediate international impact resulted in permanent career damage including group departure and ongoing legal consequences.","Sexual assault allegations, arrested in China"
76,"Soojin ((G)I-DLE) leaves group following school bullying allegations","Soojin","(G)I-DLE","2021-08-14","bullying","medium",2,2,0,14,0,1,0,0,3.13,"high","high",5,"Soojin's bullying scandal -- Former classmates alleged school bullying and drug use; Soojin denied claims but departed group after months of controversy. Resulting in severe, lasting career damage.","Former classmates alleged school bullying and drug use; Soojin denied claims but departed group after months of controversy"
77,"Bobby (iKON) announces surprise marriage and upcoming baby","Bobby","iKON","2021-08-23","dating","large",3,3,2,0,0,0,0,0,-2.103,"low","not_high",4,"Initial shock from fans but overwhelmingly positive public response to honest announcement; continued group and solo activities normally.","Handwritten letter announced marriage and upcoming child; fans initially shocked but largely supportive, continued group activities"
78,"Lucas (NCT/WayV) suspended after multiple women allege manipulation and gaslighting","Lucas","NCT","2021-08-25","behavior","mega",4,3,1,14,1,1,0,0,0.006,"medium","not_high",4,"Lucas's behavior scandal -- Multiple women posted allegations of simultaneous relationships and psychological manipulation; SM suspended activities, Lucas apologized, limited return later. Causing temporary career disruption but eventual recovery.","Multiple women posted allegations of simultaneous relationships and psychological manipulation; SM suspended activities, Lucas apologized, limited return later"
79,"U-KNOW Yunho (TVXQ) caught illegally visiting nightclub during COVID-19 restrictions","Yunho","TVXQ","2021-09-22","behavior","large",3,3,2,1,1,0,0,0,0.16,"medium","not_high",5,"Yunho's behavior scandal -- Visited adult entertainment venue violating COVID-19 social distancing rules; SM and Yunho issued apologies, promotional activities cancelled for months. Causing temporary career disruption but eventual recovery.","Visited adult entertainment venue violating COVID-19 social distancing rules; SM and Yunho issued apologies, promotional activities cancelled for months"
80,"Miyeon ((G)I-DLE) revealed to have previously dated former iKON member","Miyeon","(G)I-DLE","2022-01-15","dating","large",3,2,0,0,0,0,0,0,1.445,"low","not_high",5,"Historical relationship revelation with no current relevance; fans moved on quickly with no career impact.","Past relationship with former iKON member revealed; mild fan surprise but both had moved on, no impact on current activities"
81,"Jackson Wang (GOT7) faces international boycott over Chinese political merchandise","Jackson Wang","GOT7","2022-02-08","political","large",3,3,0,0,0,1,0,0,0.18,"medium","not_high",4,"Jackson Wang's political scandal -- Wore brand using imagery linked to Chinese propaganda at Winter Olympics; faced western fan boycott and criticism, lost some international endorsements. Causing temporary career disruption but eventual recovery.","Wore brand using imagery linked to Chinese propaganda at Winter Olympics; faced western fan boycott and criticism, lost some international endorsements"
82,"Lia (ITZY) accused of school bullying","Lia","ITZY","2022-02-14","bullying","large",3,3,2,3,0,1,0,0,0.9,"medium","not_high",4,"Extended hiatus from group activities but allegations remained unproven; JYP's strong defense preserved group position.","Anonymous school bullying allegations; JYP denied claims and threatened legal action, Lia took extended hiatus citing mental health"
83,"Soyeon ((G)I-DLE) accused of plagiarism for Tomboy","Soyeon","(G)I-DLE","2022-03-15","controversy","large",3,2,1,3,0,1,0,0,-0.281,"medium","not_high",4,"Plagiarism accusations generated temporary controversy but no legal findings; Tomboy remained a hit and career continued unaffected.","Hit song Tomboy accused of plagiarizing multiple tracks; Cube denied claims, no legal action taken, song remained on charts"
84,"Ravi (VIXX) indicted for military duty evasion through fake diagnosis","Ravi","VIXX","2022-05-18","criminal","medium",2,2,1,5,1,0,0,0,0.044,"high","high",5,"Ravi's criminal scandal -- Indicted for obtaining fraudulent medical certificates to avoid mandatory military service; career significantly impacted. Resulting in severe, lasting career damage.","Indicted for obtaining fraudulent medical certificates to avoid mandatory military service; career significantly impacted"
85,"Jessi faces criticism for blunt personality and behavior on variety shows","Jessi","Solo","2022-07-01","behavior","medium",2,1,0,0,0,0,1,1,1.073,"low","not_high",4,"Personality-driven criticism was ongoing but never escalated to a single crisis event; brand identity actually built around bluntness.","Recurring criticism for overly blunt and aggressive behavior on variety shows; some sponsors hesitant but core fanbase remained loyal"
86,"Kim Garam removed from LE SSERAFIM after bullying allegations","Kim Garam","LE SSERAFIM","2022-07-20","bullying","large",3,3,2,1,0,1,0,0,7.753,"high","high",5,"Removed from group months after debut despite agency's initial defense; school violence records made position untenable, career terminated.","Pre-debut bullying allegations escalated with school violence committee records; HYBE initially defended her but removed her from group within months of debut"
87,"Hueningkai (TXT) criticized over cultural sensitivity issue on social media","Hueningkai","TXT","2022-08-01","controversy","large",3,3,0,0,0,1,0,0,-1.163,"low","not_high",4,"Minor online controversy that resolved itself without any formal response; no measurable career impact.","Minor cultural sensitivity criticism on social media; resolved organically without agency involvement or apology"
88,"RM (BTS) accused of using connections to purchase restricted artwork","RM","BTS","2022-09-14","controversy","mega",4,3,1,2,0,0,0,0,-0.504,"low","not_high",4,"RM's controversy scandal -- Reports of purchasing government-restricted cultural artwork via connections; Big Hit denied impropriety, investigation found no violations, resolved quickly. With minimal lasting career impact.","Reports of purchasing government-restricted cultural artwork via connections; Big Hit denied impropriety, investigation found no violations, resolved quickly"
89,"OMEGA X members reveal CEO's physical abuse at concert venue","OMEGA X","OMEGA X","2022-11-01","criminal","medium",2,1,0,0,0,1,0,0,0.261,"medium","not_high",4,"Members were victims of CEO abuse; gained public sympathy and eventually reformed group under new management but lost significant career momentum.","Members publicly revealed CEO physically assaulted them at LA concert venue; video evidence circulated; members became victims fighting for contract freedom"
90,"LOONA members file injunctions against BlockBerry Creative","LOONA","LOONA","2022-11-30","contract","large",3,1,0,14,0,1,0,0,6.016,"medium","not_high",4,"Group effectively fractured as members departed, but some members continued careers under new agencies; not a complete career termination.","Multiple members filed contract suspension injunctions alleging mistreatment and unpaid wages; group fractured with members going separate ways"
91,"Lee Seunggi files lawsuit against Hook Entertainment over 18 years of withheld earnings","Lee Seunggi","Solo","2023-01-12","contract","mega",4,1,0,0,0,0,1,0,4.742,"medium","not_high",4,"Lee Seunggi's contract scandal -- Lee Seunggi was the victim; agency Hook allegedly withheld music royalties for 18 years; public sympathy but disrupted scheduled activities. Causing temporary career disruption but eventual recovery.","Lee Seunggi was the victim; agency Hook allegedly withheld music royalties for 18 years; public sympathy but disrupted scheduled activities"
92,"Chaeyoung (TWICE) photographed wearing shirt with Nazi symbol","Chaeyoung","TWICE","2023-02-10","controversy","mega",4,3,2,1,1,1,0,0,-3.641,"medium","not_high",4,"Swift apology and agency response contained the fallout; TWICE's strong fandom base absorbed the controversy without lasting career impact.","Wore shirt featuring Sid Vicious with swastika at airport; JYP and Chaeyoung issued immediate apologies, international backlash was significant but brief"
93,"DK (SEVENTEEN) confirmed dating actress Lee Miyeon","DK","SEVENTEEN","2023-02-20","dating","mega",4,3,2,0,0,0,0,0,0.975,"low","not_high",5,"Quickly confirmed by agency with minimal fan backlash; SEVENTEEN's strong fandom loyalty absorbed the news easily.","Dispatch revealed relationship; Pledis confirmed quickly, CARAT fandom mostly supportive, no promotional disruption"
94,"Sunghoon (ENHYPEN) dating rumors denied by agency","Sunghoon","ENHYPEN","2023-03-01","dating","large",3,3,2,0,0,0,0,0,-4.352,"low","not_high",5,"Unsubstantiated rumors quickly denied by agency; resolved within days with zero impact on ENHYPEN promotions.","Dating rumors circulated online; BELIFT Lab denied quickly, controversy resolved within days with no evidence"
95,"EXO-CBX file injunction against SM Entertainment over exclusive contracts","EXO-CBX","EXO","2023-04-26","contract","mega",4,3,0,0,0,1,0,0,0.0,"high","high",4,"EXO-CBX's contract scandal -- Baekhyun, Xiumin, Chen filed injunction to invalidate exclusive contracts citing unfair terms; public dispute with SM over years of royalty issues. Resulting in severe, lasting career damage.","Baekhyun, Xiumin, Chen filed injunction to invalidate exclusive contracts citing unfair terms; public dispute with SM over years of royalty issues"
96,"Taemin (SHINee) booked for drunk driving in Seoul","Taemin","SHINee","2023-05-18","criminal","large",3,3,2,1,1,0,0,0,-0.176,"medium","not_high",5,"Taemin's criminal scandal -- Pulled over at DUI checkpoint, blood alcohol above legal limit; SM issued apology, promotional activities suspended, public recovered support over months. Causing temporary career disruption but eventual recovery.","Pulled over at DUI checkpoint, blood alcohol above legal limit; SM issued apology, promotional activities suspended, public recovered support over months"
97,"FIFTY FIFTY contract dispute with Attrakt collapses group","FIFTY FIFTY","FIFTY FIFTY","2023-06-15","contract","medium",2,1,0,3,0,1,0,0,0.904,"high","high",5,"Contract dispute at peak commercial moment destroyed group continuity; members scattered, viral success of Cupid could not be sustained.","Members filed injunction to terminate contracts at peak of global Cupid success; legal battle resulted in group effectively disbanding"
98,"Kim Jisoo (BLACKPINK) dating Ahn Bo-hyun confirmed","Jisoo","BLACKPINK","2023-07-31","dating","mega",4,3,1,1,0,1,0,0,0.7207792207792206,"low","not_high",5,"Low severity dating scandal with mega fandom protection, immediate agency response, negative reaction spike already absorbed, and historical precedent of quick recovery for BLACKPINK member relationship announcements.","Dating confirmed, low controversy, short relationship"
99,"X1 disbanded after Produce 101 vote manipulation scandal exposed","X1","X1","2019-11-05","controversy","medium",2,2,1,21,1,1,0,0,5.2,"high","high",5,"X1's controversy scandal -- Produce 101 vote manipulation exposed; group disbanded January 2020 after one album, producers convicted and jailed. Resulting in severe, lasting career damage.","Mnet producers convicted of manipulating votes across all 4 seasons of Produce 101; X1 disbanded; IZ*ONE went on extended hiatus. reaction_spike is estimated."
100,"GLAM's Dahee arrested for blackmailing actor Lee Byung-hun","Dahee","GLAM","2014-09-01","criminal","medium",2,1,0,1,0,0,0,0,6.1,"high","high",5,"Dahee's criminal scandal -- Arrested for attempting to blackmail actor Lee Byung-hun for 5 billion won; sentenced to one year in prison, GLAM permanently disbanded. Resulting in severe, lasting career damage.","GLAM member Dahee and model Lee Ji-yeon attempted to extort actor Lee Byung-hun for 5 billion won; both sentenced to prison; group disbanded. reaction_spike is estimated."
101,"Park Yoochun (JYJ) arrested for methamphetamine use after publicly denying drug involvement","Park Yoochun","JYJ","2019-04-26","drugs","medium",2,2,0,1,1,1,0,1,3.1,"high","high",5,"Park Yoochun's drugs scandal -- Tested positive for methamphetamine after publicly denying drug use at press conference; contract terminated by C-JeS Entertainment, sentenced to 2 years probation. Resulting in severe, lasting career damage.","Second major scandal after 2016 sexual assault allegations; held press conference denying drugs then tested positive; contract terminated. reaction_spike is estimated."
102,"Daesung (BIGBANG) building found to house illegal businesses during Burning Sun era","Daesung","BIGBANG","2019-05-27","controversy","large",3,3,1,3,1,1,0,1,1.8,"low","not_high",4,"Daesung's controversy scandal -- Building found to house illegal businesses during Burning Sun era; apologized for negligence as owner, no personal criminal charges. Causing temporary career disruption but eventual recovery.","Building owned by Daesung found to house illegal businesses including unlicensed adult entertainment; during Burning Sun scandal era; not personally charged. reaction_spike is estimated."
103,"Karina (aespa) dating actor Lee Jae-wook sparks massive fan backlash and protest trucks","Karina","aespa","2024-02-27","dating","large",3,3,1,0,1,1,0,0,5.8,"low","not_high",5,"Karina's dating scandal -- Relationship with actor Lee Jae-wook revealed by Dispatch; protest trucks sent to SM, massive international backlash, handwritten apology issued. With minimal lasting career impact.","Dispatch revealed dating with actor Lee Jae-wook; protest trucks sent to SM HQ; Karina wrote handwritten apology; relationship ended after 5 weeks; career fully recovered. reaction_spike is estimated."
